<?xml version="1.0" encoding="utf-8"?>
<manifest identifier="_6q8kmKrfTnX_course_id" version="1.0" xmlns="http://www.imsproject.org/xsd/imscp_rootv1p1p2" xmlns:adlcp="http://www.adlnet.org/xsd/adlcp_rootv1p2" xmlns:xsi="http://www.w3.org/2001/XMLSchema-instance" xsi:schemaLocation="http://www.imsproject.org/xsd/imscp_rootv1p1p2 imscp_rootv1p1p2.xsd http://www.imsglobal.org/xsd/imsmd_rootv1p2p1 imsmd_rootv1p2p1.xsd http://www.adlnet.org/xsd/adlcp_rootv1p2 adlcp_rootv1p2.xsd">
  <metadata>
    <schema>ADL SCORM</schema>
    <schemaversion>1.2</schemaversion>
    <lom xmlns="http://www.imsglobal.org/xsd/imsmd_rootv1p2p1" xmlns:xsi="http://www.w3.org/2001/XMLSchema-instance" xsi:schemaLocation="http://www.imsglobal.org/xsd/imsmd_rootv1p2p1 imsmd_rootv1p2p1.xsd">
      <general>
        <title>
          <langstring xml:lang="x-none">Engagement v30</langstring>
        </title>
        <description>
          <langstring xml:lang="x-none">This SELF-PACED module is an HTML5 template, which setup to skip instructions and togle menu-buton based on session and user status; this module caters to SCORM 1.2.
LMS REPORTING based on completion of 23 slides.</langstring>
        </description>
      </general>
      <lifecycle>
        <version>
          <langstring xml:lang="x-none">1</langstring>
        </version>
        <status>
          <source>
            <langstring xml:lang="x-none">LOMv1.0</langstring>
          </source>
          <value>
            <langstring xml:lang="x-none">Final</langstring>
          </value>
        </status>
      </lifecycle>
      <metametadata>
        <metadatascheme>ADL SCORM 1.2</metadatascheme>
      </metametadata>
      <educational>
        <typicallearningtime>
          <datetime>PT0H0M0S</datetime>
        </typicallearningtime>
      </educational>
      <rights>
        <cost>
          <source>
            <langstring xml:lang="x-none">LOMv1.0</langstring>
          </source>
          <value>
            <langstring xml:lang="x-none">yes</langstring>
          </value>
        </cost>
        <copyrightandotherrestrictions>
          <source>
            <langstring xml:lang="x-none">LOMv1.0</langstring>
          </source>
          <value>
            <langstring xml:lang="x-none">yes</langstring>
          </value>
        </copyrightandotherrestrictions>
      </rights>
    </lom>
  </metadata>
  <organizations default="Engagement_v30_ORG">
    <organization identifier="Engagement_v30_ORG">
      <title>Engagement v30</title>
      <item identifier="Dummie_FLASH_SCO" isvisible="true" identifierref="__6q8kmKrfTnX_course_id_RES">
        <title>Engagement v30</title>
      </item>
    </organization>
  </organizations>
  <resources>
    <resource identifier="__6q8kmKrfTnX_course_id_RES" type="webcontent" href="index_lms.html" adlcp:scormtype="sco">
      <file href="story_content/thumbnail.jpg" />
      <file href="story_content/Shape5WG2kXdTp5v.swf" />
      <file href="story_content/txt__default_5z1hSwzkQRp.swf" />
      <file href="story_content/Shape6fNvUj6YjXx.swf" />
      <file href="story_content/txt__default_6E8wKTez6xY.swf" />
      <file href="story_content/Shape6dLLeGGAFAu.swf" />
      <file href="story_content/txt__default_6kEwwEhpEqC.swf" />
      <file href="story_content/Shape5tcrppl2pWI.swf" />
      <file href="story_content/txt__default_6euR4naurtk.swf" />
      <file href="story_content/5Ui6Hs9gpd7_80_DX1332_DY1332.swf" />
      <file href="mobile/5Ui6Hs9gpd7_80_DX1332_DY1332_CX666_CY68.png" />
      <file href="story_content/Shape6rVaa8J2XWq.swf" />
      <file href="story_content/txt__default_6q0ur4UjZnu.swf" />
      <file href="story_content/Shape5nir8asvhhL.swf" />
      <file href="story_content/txt__default_6jClXbty1rw.swf" />
      <file href="story_content/Shape5bOyis5uDL7.swf" />
      <file href="story_content/txt__default_6mmk2ugw2qq.swf" />
      <file href="story_content/Shape61D7zCRXIuA.swf" />
      <file href="story_content/txt__default_5dSdDKtzXC7.swf" />
      <file href="story_content/5bRoWbprmdZ_22050_48.mp3" />
      <file href="story_content/txt__default_5tFNPlY0xuV.swf" />
      <file href="story_content/6QOYlHwGSAS_22050_48.mp3" />
      <file href="story_content/txt__default_6fIs1lxuEiY.swf" />
      <file href="story_content/5ZMElkP4yo3_22050_48.mp3" />
      <file href="story_content/txt__default_6RRTHlDMMci.swf" />
      <file href="story_content/5Ugw986aR6Y_22050_48.mp3" />
      <file href="story_content/txt__default_5raQCqRmhOP.swf" />
      <file href="story_content/5xdvAAANyG2_80_DX828_DY828.swf" />
      <file href="mobile/5xdvAAANyG2_80_DX828_DY828_CX414_CY182.png" />
      <file href="story_content/6quHEZDDq4I_22050_48.mp3" />
      <file href="story_content/txt__default_6mEYsqGt6Tf.swf" />
      <file href="story_content/6FntGvso8Vc_22050_48.mp3" />
      <file href="story_content/txt__default_61JcsXtIhAV.swf" />
      <file href="story_content/6BtW67EgTYM_22050_48.mp3" />
      <file href="story_content/txt__default_62XHrdh2BWg.swf" />
      <file href="story_content/6ItwTfZWEDI_22050_48.mp3" />
      <file href="story_content/txt__default_6WudwRftFq8.swf" />
      <file href="story_content/5inTwaP345w_80_DX828_DY828.swf" />
      <file href="mobile/5inTwaP345w_80_DX828_DY828_CX414_CY182.png" />
      <file href="story_content/6ftdZ29nj5f_22050_48.mp3" />
      <file href="story_content/6QiMQ7Zke5c_80_DX524_DY524.swf" />
      <file href="mobile/6QiMQ7Zke5c_80_DX524_DY524_CX209_CY262.png" />
      <file href="story_content/5kyhNW6uAbd_80_DX522_DY522.swf" />
      <file href="mobile/5kyhNW6uAbd_80_DX522_DY522_CX211_CY261.png" />
      <file href="story_content/5dcV57CgvKb_80_DX524_DY524.swf" />
      <file href="mobile/5dcV57CgvKb_80_DX524_DY524_CX207_CY262.png" />
      <file href="story_content/5t1PX7nmR6R_22050_48.mp3" />
      <file href="story_content/5nPdEPLc1Mi_80_DX524_DY524.swf" />
      <file href="mobile/5nPdEPLc1Mi_80_DX524_DY524_CX209_CY262.png" />
      <file href="story_content/6glJq6zgB8P_80_DX522_DY522.swf" />
      <file href="mobile/6glJq6zgB8P_80_DX522_DY522_CX211_CY261.png" />
      <file href="story_content/5Vbzte9akPL_80_DX524_DY524.swf" />
      <file href="mobile/5Vbzte9akPL_80_DX524_DY524_CX207_CY262.png" />
      <file href="story_content/6EMXywQqVKj_22050_48.mp3" />
      <file href="story_content/video_5fPLiKvICVe_22_48_720x406.mp4" />
      <file href="mobile/video_5fPLiKvICVe_22_48_720x406.jpg" />
      <file href="story_content/video_64mNOEdJQnN_22_48_720x406.mp4" />
      <file href="mobile/video_64mNOEdJQnN_22_48_720x406.jpg" />
      <file href="story_content/video_6DFErLe6nBH_22_48_720x406.mp4" />
      <file href="mobile/video_6DFErLe6nBH_22_48_720x406.jpg" />
      <file href="story_content/video_5Zy1A8G6ARl_22_48_720x406.mp4" />
      <file href="mobile/video_5Zy1A8G6ARl_22_48_720x406.jpg" />
      <file href="story_content/6i1oS3i0ImB_22050_48.mp3" />
      <file href="story_content/video_5t417XBeZeS_22_48_720x406.mp4" />
      <file href="mobile/video_5t417XBeZeS_22_48_720x406.jpg" />
      <file href="story_content/video_5hFXRh8N6kx_22_48_720x406.mp4" />
      <file href="mobile/video_5hFXRh8N6kx_22_48_720x406.jpg" />
      <file href="story_content/video_5YCKS7dtp2l_22_48_720x406.mp4" />
      <file href="mobile/video_5YCKS7dtp2l_22_48_720x406.jpg" />
      <file href="story_content/video_6g13c7mCbTY_22_48_720x406.mp4" />
      <file href="mobile/video_6g13c7mCbTY_22_48_720x406.jpg" />
      <file href="story_content/video_5Y76ZVbT5ca_22_48_720x406.mp4" />
      <file href="mobile/video_5Y76ZVbT5ca_22_48_720x406.jpg" />
      <file href="story_content/video_6LOzBDYp8qG_22_48_720x406.mp4" />
      <file href="mobile/video_6LOzBDYp8qG_22_48_720x406.jpg" />
      <file href="story_content/5kRa3ZTNQZQ_80_DX1440_DY1440.swf" />
      <file href="mobile/5kRa3ZTNQZQ_80_DX1440_DY1440_CX720_CY405.png" />
      <file href="story_content/6JKf3xP2dPC_80_DX626_DY626.swf" />
      <file href="mobile/6JKf3xP2dPC_80_DX626_DY626_CX70_CY49.png" />
      <file href="story_content/6fzOSH9XXwr_80_DX64_DY64.swf" />
      <file href="mobile/6fzOSH9XXwr_80_DX64_DY64_CX25_CY32.png" />
      <file href="story_content/6FF9HRqxugm_22050_48.mp3" />
      <file href="story_content/5YbfQJa4Suj_22050_48.mp3" />
      <file href="story_content/5q8DgT1OPpj_22050_48.mp3" />
      <file href="story_content/622HK6w0jHo_22050_48.mp3" />
      <file href="story_content/6bwtofOCW2T_22050_48.mp3" />
      <file href="story_content/6FJUNC59xEU_22050_48.mp3" />
      <file href="story_content/5jZWNlXMEyP_22050_48.mp3" />
      <file href="story_content/6e7RjzE379b_22050_48.mp3" />
      <file href="story_content/video_6FIbS11AC2l_22_48_720x406.mp4" />
      <file href="mobile/video_6FIbS11AC2l_22_48_720x406.jpg" />
      <file href="story_content/6KUqJnmxCx0_80_DX80_DY80.swf" />
      <file href="mobile/6KUqJnmxCx0_80_DX80_DY80_CX40_CY40.png" />
      <file href="story_content/5cCYZ8THJoq_80_DX80_DY80.swf" />
      <file href="mobile/5cCYZ8THJoq_80_DX80_DY80_CX40_CY21.png" />
      <file href="story_content/6FyNVs65moo_80_DX82_DY82.swf" />
      <file href="mobile/6FyNVs65moo_80_DX82_DY82_CX41_CY40.png" />
      <file href="story_content/5VYyDevRNar_80_DX80_DY80.swf" />
      <file href="mobile/5VYyDevRNar_80_DX80_DY80_CX40_CY40.png" />
      <file href="story_content/5eVLwPlmiOy_80_DX82_DY82.swf" />
      <file href="mobile/5eVLwPlmiOy_80_DX82_DY82_CX41_CY40.png" />
      <file href="story_content/6OCi0YU3SrP_80_DX80_DY80.swf" />
      <file href="mobile/6OCi0YU3SrP_80_DX80_DY80_CX40_CY40.png" />
      <file href="story_content/6TOeRULMn8b_80_DX80_DY80.swf" />
      <file href="mobile/6TOeRULMn8b_80_DX80_DY80_CX40_CY40.png" />
      <file href="story_content/66KmiFjQpFF_80_DX80_DY80.swf" />
      <file href="mobile/66KmiFjQpFF_80_DX80_DY80_CX40_CY40.png" />
      <file href="story_content/62eukxdVh87_80_DX80_DY80.swf" />
      <file href="mobile/62eukxdVh87_80_DX80_DY80_CX40_CY40.png" />
      <file href="story_content/6UkeUU3VhoA_80_DX82_DY82.swf" />
      <file href="mobile/6UkeUU3VhoA_80_DX82_DY82_CX41_CY40.png" />
      <file href="story_content/6aaBYEDqUBW_80_DX80_DY80.swf" />
      <file href="mobile/6aaBYEDqUBW_80_DX80_DY80_CX40_CY40.png" />
      <file href="story_content/6iSBcg8TptK_80_DX80_DY80.swf" />
      <file href="mobile/6iSBcg8TptK_80_DX80_DY80_CX40_CY40.png" />
      <file href="story_content/6XEXylpeCK8_80_DX82_DY82.swf" />
      <file href="mobile/6XEXylpeCK8_80_DX82_DY82_CX41_CY40.png" />
      <file href="story_content/6iT46JgDSnA_22050_48.mp3" />
      <file href="mobile/6JKf3xP2dPC_80_DX626_DY626_CX313_CY220.png" />
      <file href="story_content/5XdE4iLBwhG_80_DX294_DY294.swf" />
      <file href="mobile/5XdE4iLBwhG_80_DX294_DY294_CX147_CY147.png" />
      <file href="story_content/633rcdZcWbO_22050_48.mp3" />
      <file href="story_content/6hmyBkAfBdY_80_DX294_DY294.swf" />
      <file href="mobile/6hmyBkAfBdY_80_DX294_DY294_CX147_CY143.png" />
      <file href="story_content/6NdTeHEPGGy_22050_48.mp3" />
      <file href="story_content/6M4pFSoBlFC_80_DX294_DY294.swf" />
      <file href="mobile/6M4pFSoBlFC_80_DX294_DY294_CX147_CY147.png" />
      <file href="story_content/5sEj9B89dEK_22050_48.mp3" />
      <file href="story_content/69ydbnTFAaO_80_DX294_DY294.swf" />
      <file href="mobile/69ydbnTFAaO_80_DX294_DY294_CX147_CY143.png" />
      <file href="story_content/6HArE0NEhYk_22050_48.mp3" />
      <file href="story_content/6oEnJvgWY9k_80_DX294_DY294.swf" />
      <file href="mobile/6oEnJvgWY9k_80_DX294_DY294_CX147_CY147.png" />
      <file href="story_content/6RZJaNHm3jV_22050_48.mp3" />
      <file href="story_content/6LaHqLwH0gH_80_DX294_DY294.swf" />
      <file href="mobile/6LaHqLwH0gH_80_DX294_DY294_CX147_CY147.png" />
      <file href="story_content/6hjTtWG7C5V_22050_48.mp3" />
      <file href="story_content/6gDQUUPitax_80_DX294_DY294.swf" />
      <file href="mobile/6gDQUUPitax_80_DX294_DY294_CX147_CY147.png" />
      <file href="story_content/6Wi4DwqFm3b_22050_48.mp3" />
      <file href="story_content/6h0PnfXfqzg_80_DX294_DY294.swf" />
      <file href="mobile/6h0PnfXfqzg_80_DX294_DY294_CX147_CY147.png" />
      <file href="story_content/60mpxCIyOZG_22050_48.mp3" />
      <file href="story_content/6TyeYTGOrPl_80_DX294_DY294.swf" />
      <file href="mobile/6TyeYTGOrPl_80_DX294_DY294_CX147_CY143.png" />
      <file href="story_content/6DcOxNfj9Wj_22050_48.mp3" />
      <file href="story_content/5f0RwoZtkJC_80_DX294_DY294.swf" />
      <file href="mobile/5f0RwoZtkJC_80_DX294_DY294_CX147_CY147.png" />
      <file href="story_content/5tDHwUjUGzZ_22050_48.mp3" />
      <file href="story_content/6j0dBzqvAX0_80_DX294_DY294.swf" />
      <file href="mobile/6j0dBzqvAX0_80_DX294_DY294_CX147_CY143.png" />
      <file href="story_content/5zQUiywdZUk_22050_48.mp3" />
      <file href="story_content/6GSCUQXE4uC_80_DX294_DY294.swf" />
      <file href="mobile/6GSCUQXE4uC_80_DX294_DY294_CX147_CY147.png" />
      <file href="story_content/5Y47YmVKdPR_22050_48.mp3" />
      <file href="story_content/6NTi1EEwAiA_80_DX280_DY280.swf" />
      <file href="mobile/6NTi1EEwAiA_80_DX280_DY280_CX140_CY136.png" />
      <file href="story_content/5wZYIV899tI_80_DX406_DY406.swf" />
      <file href="mobile/5wZYIV899tI_80_DX406_DY406_CX203_CY134.png" />
      <file href="story_content/5v00qS06Se8_80_DX350_DY350.swf" />
      <file href="mobile/5v00qS06Se8_80_DX350_DY350_CX175_CY42.png" />
      <file href="story_content/6rO74mbdms6_22050_48.mp3" />
      <file href="story_content/5u12qhCgJ2P_80_DX350_DY350.swf" />
      <file href="mobile/5u12qhCgJ2P_80_DX350_DY350_CX175_CY42.png" />
      <file href="story_content/60wVFL8nWV4_80_DX348_DY348.swf" />
      <file href="mobile/60wVFL8nWV4_80_DX348_DY348_CX174_CY41.png" />
      <file href="story_content/6bGTqRq0Co5_80_DX348_DY348.swf" />
      <file href="mobile/6bGTqRq0Co5_80_DX348_DY348_CX174_CY42.png" />
      <file href="story_content/68TWYcmy6yA_80_DX350_DY350.swf" />
      <file href="mobile/68TWYcmy6yA_80_DX350_DY350_CX175_CY42.png" />
      <file href="story_content/5l1jq4oBa7Z_80_DX350_DY350.swf" />
      <file href="mobile/5l1jq4oBa7Z_80_DX350_DY350_CX175_CY42.png" />
      <file href="story_content/6VOECNYvwO0_80_DX350_DY350.swf" />
      <file href="mobile/6VOECNYvwO0_80_DX350_DY350_CX175_CY42.png" />
      <file href="story_content/5m6x7vWQRiP_80_DX352_DY352.swf" />
      <file href="mobile/5m6x7vWQRiP_80_DX352_DY352_CX176_CY42.png" />
      <file href="story_content/video_6dCJ8rgihlh_22_48_720x406.mp4" />
      <file href="mobile/video_6dCJ8rgihlh_22_48_720x406.jpg" />
      <file href="story_content/video_6K5HnSqJBQ0_22_48_720x406.mp4" />
      <file href="mobile/video_6K5HnSqJBQ0_22_48_720x406.jpg" />
      <file href="story_content/video_6aFCx9XmphY_22_48_720x406.mp4" />
      <file href="mobile/video_6aFCx9XmphY_22_48_720x406.jpg" />
      <file href="story_content/video_6Tik56joQuV_22_48_720x406.mp4" />
      <file href="mobile/video_6Tik56joQuV_22_48_720x406.jpg" />
      <file href="story_content/video_5tV9jc6cZHd_22_48_720x406.mp4" />
      <file href="mobile/video_5tV9jc6cZHd_22_48_720x406.jpg" />
      <file href="story_content/65dnvB7Gtdu_80_DX1440_DY1440.swf" />
      <file href="mobile/65dnvB7Gtdu_80_DX1440_DY1440_CX720_CY405.png" />
      <file href="story_content/6c2pHBeMuSj_80_DX150_DY150.swf" />
      <file href="mobile/6c2pHBeMuSj_80_DX150_DY150_CX75_CY29.png" />
      <file href="story_content/5hTvWEKGW47_22050_48.mp3" />
      <file href="story_content/5UvCn9fbBss_22050_48.mp3" />
      <file href="story_content/5oXCfNoM1C5_80_DX562_DY562.swf" />
      <file href="mobile/5oXCfNoM1C5_80_DX562_DY562_CX281_CY271.png" />
      <file href="story_content/6Ls7hoSHZqj_80_DX572_DY572.swf" />
      <file href="mobile/6Ls7hoSHZqj_80_DX572_DY572_CX282_CY286.png" />
      <file href="story_content/69Q4xyvL7UF_22050_48.mp3" />
      <file href="story_content/6XGlXTctB0l_22050_48.mp3" />
      <file href="story_content/5lG7uwxyoe9_22050_48.mp3" />
      <file href="story_content/5up7Cmb6UrT_22050_48.mp3" />
      <file href="story_content/video_6fuNzG3oxBF_22_48_720x406.mp4" />
      <file href="mobile/video_6fuNzG3oxBF_22_48_720x406.jpg" />
      <file href="story_content/6pnEQUKft2z_80_DX1440_DY1440.jpg" />
      <file href="mobile/6pnEQUKft2z_80_DX1440_DY1440_CX720_CY405.jpg" />
      <file href="story_content/5nzExJYK7Rq_22050_48.mp3" />
      <file href="meta.xml" />
      <file href="story_content/FontFactory.swf" />
      <file href="story_content/fonts.swf" />
      <file href="mobile/fonts.js" />
      <file href="story_content/url.png" />
      <file href="story_content/frame.xml" />
      <file href="story_content/frame.js" />
      <file href="story_content/user.js" />
      <file href="story_unsupported.html" />
      <file href="mobile/txt__default_5z1hSwzkQRp.png" />
      <file href="mobile/txt__default_6E8wKTez6xY.png" />
      <file href="mobile/txt__default_6kEwwEhpEqC.png" />
      <file href="mobile/txt__default_6euR4naurtk.png" />
      <file href="mobile/txt__default_6q0ur4UjZnu.png" />
      <file href="mobile/txt__default_6jClXbty1rw.png" />
      <file href="mobile/txt__default_6mmk2ugw2qq.png" />
      <file href="mobile/txt__default_5dSdDKtzXC7.png" />
      <file href="mobile/txt__default_5tFNPlY0xuV.png" />
      <file href="mobile/txt__default_6fIs1lxuEiY.png" />
      <file href="mobile/txt__default_6RRTHlDMMci.png" />
      <file href="mobile/txt__default_5raQCqRmhOP.png" />
      <file href="mobile/txt__default_6mEYsqGt6Tf.png" />
      <file href="mobile/txt__default_61JcsXtIhAV.png" />
      <file href="mobile/txt__default_62XHrdh2BWg.png" />
      <file href="mobile/txt__default_6WudwRftFq8.png" />
      <file href="mobile/player.css" />
      <file href="mobile/player_compiled.js" />
      <file href="story.swf" />
      <file href="story_content/frame.swf" />
      <file href="story_content/slides/5iCl9otYd4x.swf" />
      <file href="story_content/slides/6S90sRM84Zi.swf" />
      <file href="story_content/slides/5qnQSMrkRIS.swf" />
      <file href="story_content/slides/5XkchrQnmLs.swf" />
      <file href="story_content/slides/5nktpjHXw17.swf" />
      <file href="story_content/slides/6bBJ9zf3Bwa.swf" />
      <file href="story_content/slides/6hrE5njtZPB.swf" />
      <file href="story_content/slides/6hmvszXi2dN.swf" />
      <file href="story_content/slides/6hfM08nDUyc.swf" />
      <file href="story_content/slides/5n0QC4LlJ02.swf" />
      <file href="mobile/slides/6hrE5njtZPB.js" />
      <file href="mobile/slides/5n0QC4LlJ02.js" />
      <file href="story_content/slides/61kfYpCQC7r.swf" />
      <file href="story_content/slides/6Am5DlXIERU.swf" />
      <file href="mobile/slides/6Am5DlXIERU.js" />
      <file href="mobile/slides/6S90sRM84Zi.js" />
      <file href="story_content/slides/6igbKkGX8N3.swf" />
      <file href="mobile/slides/5nktpjHXw17.js" />
      <file href="story_content/slides/6bsCPvAQcEl.swf" />
      <file href="mobile/slides/6bsCPvAQcEl.js" />
      <file href="story_content/slides/6AusdasPsnn.swf" />
      <file href="mobile/slides/6AusdasPsnn.js" />
      <file href="mobile/slides/6hfM08nDUyc.js" />
      <file href="mobile/slides/5XkchrQnmLs.js" />
      <file href="story_content/slides/6FRmABDeEHC.swf" />
      <file href="mobile/slides/5iCl9otYd4x.js" />
      <file href="story_content/slides/60XcjxLzOX0.swf" />
      <file href="mobile/slides/6bBJ9zf3Bwa.js" />
      <file href="mobile/slides/6igbKkGX8N3.js" />
      <file href="story_content/slides/601RTnkytFS.swf" />
      <file href="story_content/slides/6IsLjfYvx8n.swf" />
      <file href="mobile/slides/6IsLjfYvx8n.js" />
      <file href="mobile/slides/60XcjxLzOX0.js" />
      <file href="mobile/slides/6hmvszXi2dN.js" />
      <file href="mobile/slides/5qnQSMrkRIS.js" />
      <file href="story_content/slides/5YCGUBqbPpj.swf" />
      <file href="story_content/slides/6fp5Ldl3LeH.swf" />
      <file href="mobile/slides/6fp5Ldl3LeH.js" />
      <file href="story_content/slides/6B35SOyoeZm.swf" />
      <file href="story_content/slides/6P2UqVHxOSk.swf" />
      <file href="story_content/slides/5kRakSHyjsm.swf" />
      <file href="story_content/slides/5gcysCGyZ9g.swf" />
      <file href="mobile/slides/61kfYpCQC7r.js" />
      <file href="story_content/slides/5nPXTCUF4DH.swf" />
      <file href="mobile/slides/6P2UqVHxOSk.js" />
      <file href="mobile/slides/601RTnkytFS.js" />
      <file href="story_content/slides/6DdcQ1hHDCJ.swf" />
      <file href="mobile/slides/6DdcQ1hHDCJ.js" />
      <file href="mobile/slides/5YCGUBqbPpj.js" />
      <file href="story_content/slides/6LLXW6LjXdl.swf" />
      <file href="mobile/slides/5gcysCGyZ9g.js" />
      <file href="mobile/slides/6B35SOyoeZm.js" />
      <file href="mobile/slides/5kRakSHyjsm.js" />
      <file href="mobile/slides/6FRmABDeEHC.js" />
      <file href="story_content/slides/6qpPOtHsS9O.swf" />
      <file href="story_content/slides/6rB2wMtpi6z.swf" />
      <file href="story_content/slides/5aiaihKvbrU.swf" />
      <file href="mobile/slides/6LLXW6LjXdl.js" />
      <file href="mobile/slides/6rB2wMtpi6z.js" />
      <file href="mobile/slides/5nPXTCUF4DH.js" />
      <file href="mobile/slides/6qpPOtHsS9O.js" />
      <file href="mobile/slides/5aiaihKvbrU.js" />
      <file href="story_content/slides/6qQuD7Iy4OJ.swf" />
      <file href="mobile/slides/6qQuD7Iy4OJ.js" />
      <file href="story_content/slides/6eIR3tp2B5y.swf" />
      <file href="mobile/slides/6eIR3tp2B5y.js" />
      <file href="story_content/data.swf" />
      <file href="mobile/data.js" />
      <file href="mobile/masks.js" />
      <file href="story.html" />
      <file href="story_html5.html" />
      <file href="index_lms_html5.html" />
      <file href="story_content/blank.html" />
      <file href="story_content/story.js" />
      <file href="index_lms.html" />
      <file href="lms/AICCComm.html" />
      <file href="lms/AICCFunctions.js" />
      <file href="lms/API.js" />
      <file href="lms/APIConstants.js" />
      <file href="lms/blank.html" />
      <file href="lms/browsersniff.js" />
      <file href="lms/Configuration.js" />
      <file href="lms/goodbye.html" />
      <file href="lms/lms.js" />
      <file href="lms/LMSAPI.js" />
      <file href="lms/NONEFunctions.js" />
      <file href="lms/SCORM2004Functions.js" />
      <file href="lms/SCORMFunctions.js" />
      <file href="lms/UtilityFunctions.js" />
    </resource>
  </resources>
</manifest>